"LOCATION","INDICATOR","SUBJECT","MEASURE","FREQUENCY","TIME","Value","Flag Codes"
"AUS","WASTEMUN","TOT","KG_CAP","A","2000",695.05,
"AUS","WASTEMUN","TOT","KG_CAP","A","2007",616.058,
"AUS","WASTEMUN","TOT","KG_CAP","A","2008",613.928,
"AUS","WASTEMUN","TOT","KG_CAP","A","2009",613.458,
"AUS","WASTEMUN","TOT","KG_CAP","A","2010",612.083,
"AUS","WASTEMUN","TOT","KG_CAP","A","2011",597.768,
"AUS","WASTEMUN","TOT","KG_CAP","A","2012",592.576,
"AUS","WASTEMUN","TOT","KG_CAP","A","2013",588.894,
"AUS","WASTEMUN","TOT","KG_CAP","A","2014",584.384,
"AUS","WASTEMUN","TOT","KG_CAP","A","2015",583.484,
"AUS","WASTEMUN","TOT","KG_CAP","A","2016",536.597,
"AUS","WASTEMUN","TOT","KG_CAP","A","2017",512.733,
"AUS","WASTEMUN","TOT","KG_CAP","A","2018",507.728,
"AUS","WASTEMUN","TOT","KG_CAP","A","2019",498.815,
"AUT","WASTEMUN","TOT","KG_CAP","A","2000",575.764,
"AUT","WASTEMUN","TOT","KG_CAP","A","2001",572.258,
"AUT","WASTEMUN","TOT","KG_CAP","A","2002",604.101,
"AUT","WASTEMUN","TOT","KG_CAP","A","2003",603.24,
"AUT","WASTEMUN","TOT","KG_CAP","A","2004",570.38,
"AUT","WASTEMUN","TOT","KG_CAP","A","2005",573.285,
"AUT","WASTEMUN","TOT","KG_CAP","A","2006",595.329,
"AUT","WASTEMUN","TOT","KG_CAP","A","2007",595.533,
"AUT","WASTEMUN","TOT","KG_CAP","A","2008",599.039,
"AUT","WASTEMUN","TOT","KG_CAP","A","2009",587.746,
"AUT","WASTEMUN","TOT","KG_CAP","A","2010",558.957,
"AUT","WASTEMUN","TOT","KG_CAP","A","2011",568.628,
"AUT","WASTEMUN","TOT","KG_CAP","A","2012",574.355,
"AUT","WASTEMUN","TOT","KG_CAP","A","2013",573.293,
"AUT","WASTEMUN","TOT","KG_CAP","A","2014",560.927,
"AUT","WASTEMUN","TOT","KG_CAP","A","2015",557.228,
"AUT","WASTEMUN","TOT","KG_CAP","A","2016",563.419,
"AUT","WASTEMUN","TOT","KG_CAP","A","2017",568.895,
"AUT","WASTEMUN","TOT","KG_CAP","A","2018",575.726,
"AUT","WASTEMUN","TOT","KG_CAP","A","2019",582.939,
"BEL","WASTEMUN","TOT","KG_CAP","A","2000",469.801,
"BEL","WASTEMUN","TOT","KG_CAP","A","2001",465.339,
"BEL","WASTEMUN","TOT","KG_CAP","A","2002",480.587,
"BEL","WASTEMUN","TOT","KG_CAP","A","2003",463.004,
"BEL","WASTEMUN","TOT","KG_CAP","A","2004",482.693,
"BEL","WASTEMUN","TOT","KG_CAP","A","2005",479.041,
"BEL","WASTEMUN","TOT","KG_CAP","A","2006",481.646,
"BEL","WASTEMUN","TOT","KG_CAP","A","2007",490.103,
"BEL","WASTEMUN","TOT","KG_CAP","A","2008",476.929,
"BEL","WASTEMUN","TOT","KG_CAP","A","2009",464.311,
"BEL","WASTEMUN","TOT","KG_CAP","A","2010",454.528,
"BEL","WASTEMUN","TOT","KG_CAP","A","2011",456.042,
"BEL","WASTEMUN","TOT","KG_CAP","A","2012",446.017,
"BEL","WASTEMUN","TOT","KG_CAP","A","2013",436.352,
"BEL","WASTEMUN","TOT","KG_CAP","A","2014",424.375,
"BEL","WASTEMUN","TOT","KG_CAP","A","2015",411.291,
"BEL","WASTEMUN","TOT","KG_CAP","A","2016",417.968,
"BEL","WASTEMUN","TOT","KG_CAP","A","2017",409.104,
"BEL","WASTEMUN","TOT","KG_CAP","A","2018",407.36,
"BEL","WASTEMUN","TOT","KG_CAP","A","2019",414.178,
"BEL","WASTEMUN","TOT","KG_CAP","A","2020",414.152,
"CZE","WASTEMUN","TOT","KG_CAP","A","2000",333.742,
"CZE","WASTEMUN","TOT","KG_CAP","A","2001",272.417,
"CZE","WASTEMUN","TOT","KG_CAP","A","2002",277.5,
"CZE","WASTEMUN","TOT","KG_CAP","A","2003",279.028,
"CZE","WASTEMUN","TOT","KG_CAP","A","2004",277.457,
"CZE","WASTEMUN","TOT","KG_CAP","A","2005",287.966,
"CZE","WASTEMUN","TOT","KG_CAP","A","2006",295.088,
"CZE","WASTEMUN","TOT","KG_CAP","A","2007",292.058,
"CZE","WASTEMUN","TOT","KG_CAP","A","2008",304.644,
"CZE","WASTEMUN","TOT","KG_CAP","A","2009",315.594,
"CZE","WASTEMUN","TOT","KG_CAP","A","2010",316.424,
"CZE","WASTEMUN","TOT","KG_CAP","A","2011",317.797,
"CZE","WASTEMUN","TOT","KG_CAP","A","2012",305.539,
"CZE","WASTEMUN","TOT","KG_CAP","A","2013",304.938,
"CZE","WASTEMUN","TOT","KG_CAP","A","2014",307.86,
"CZE","WASTEMUN","TOT","KG_CAP","A","2015",314.802,
"CZE","WASTEMUN","TOT","KG_CAP","A","2016",337.099,
"CZE","WASTEMUN","TOT","KG_CAP","A","2017",486.467,
"CZE","WASTEMUN","TOT","KG_CAP","A","2018",492.013,
"CZE","WASTEMUN","TOT","KG_CAP","A","2019",499.337,
"CZE","WASTEMUN","TOT","KG_CAP","A","2020",506.002,
"DNK","WASTEMUN","TOT","KG_CAP","A","2000",663.897,
"DNK","WASTEMUN","TOT","KG_CAP","A","2001",656.768,
"DNK","WASTEMUN","TOT","KG_CAP","A","2002",664.086,
"DNK","WASTEMUN","TOT","KG_CAP","A","2003",671.621,
"DNK","WASTEMUN","TOT","KG_CAP","A","2004",695.387,
"DNK","WASTEMUN","TOT","KG_CAP","A","2005",735.932,
"DNK","WASTEMUN","TOT","KG_CAP","A","2006",738.572,
"DNK","WASTEMUN","TOT","KG_CAP","A","2007",788.494,
"DNK","WASTEMUN","TOT","KG_CAP","A","2008",829.433,
"DNK","WASTEMUN","TOT","KG_CAP","A","2009",761.075,
"DNK","WASTEMUN","TOT","KG_CAP","A","2010",757.176,
"DNK","WASTEMUN","TOT","KG_CAP","A","2011",860.293,
"DNK","WASTEMUN","TOT","KG_CAP","A","2012",803.435,
"DNK","WASTEMUN","TOT","KG_CAP","A","2013",809.485,
"DNK","WASTEMUN","TOT","KG_CAP","A","2014",804.703,
"DNK","WASTEMUN","TOT","KG_CAP","A","2015",821.103,
"DNK","WASTEMUN","TOT","KG_CAP","A","2016",832.903,
"DNK","WASTEMUN","TOT","KG_CAP","A","2017",824.803,
"DNK","WASTEMUN","TOT","KG_CAP","A","2018",819.696,
"DNK","WASTEMUN","TOT","KG_CAP","A","2019",850.238,
"DNK","WASTEMUN","TOT","KG_CAP","A","2020",850.546,
"FIN","WASTEMUN","TOT","KG_CAP","A","2000",501.161,
"FIN","WASTEMUN","TOT","KG_CAP","A","2001",463.803,
"FIN","WASTEMUN","TOT","KG_CAP","A","2002",457.363,
"FIN","WASTEMUN","TOT","KG_CAP","A","2003",464.482,
"FIN","WASTEMUN","TOT","KG_CAP","A","2004",468.012,
"FIN","WASTEMUN","TOT","KG_CAP","A","2005",476.485,
"FIN","WASTEMUN","TOT","KG_CAP","A","2006",492.677,
"FIN","WASTEMUN","TOT","KG_CAP","A","2007",504.913,
"FIN","WASTEMUN","TOT","KG_CAP","A","2008",520.355,
"FIN","WASTEMUN","TOT","KG_CAP","A","2009",479.571,
"FIN","WASTEMUN","TOT","KG_CAP","A","2010",469.456,
"FIN","WASTEMUN","TOT","KG_CAP","A","2011",504.449,
"FIN","WASTEMUN","TOT","KG_CAP","A","2012",505.654,
"FIN","WASTEMUN","TOT","KG_CAP","A","2013",493.024,
"FIN","WASTEMUN","TOT","KG_CAP","A","2014",481.539,
"FIN","WASTEMUN","TOT","KG_CAP","A","2015",499.583,
"FIN","WASTEMUN","TOT","KG_CAP","A","2016",503.47,
"FIN","WASTEMUN","TOT","KG_CAP","A","2017",510.144,
"FIN","WASTEMUN","TOT","KG_CAP","A","2018",550.663,
"FIN","WASTEMUN","TOT","KG_CAP","A","2019",564.465,
"FIN","WASTEMUN","TOT","KG_CAP","A","2020",594.897,
"FRA","WASTEMUN","TOT","KG_CAP","A","2000",514.827,
"FRA","WASTEMUN","TOT","KG_CAP","A","2001",527.326,
"FRA","WASTEMUN","TOT","KG_CAP","A","2002",531.425,
"FRA","WASTEMUN","TOT","KG_CAP","A","2003",506.666,
"FRA","WASTEMUN","TOT","KG_CAP","A","2004",519.573,
"FRA","WASTEMUN","TOT","KG_CAP","A","2005",530.265,
"FRA","WASTEMUN","TOT","KG_CAP","A","2006",536.564,
"FRA","WASTEMUN","TOT","KG_CAP","A","2007",543.026,
"FRA","WASTEMUN","TOT","KG_CAP","A","2008",538.773,
"FRA","WASTEMUN","TOT","KG_CAP","A","2009",534.717,
"FRA","WASTEMUN","TOT","KG_CAP","A","2010",534.69,
"FRA","WASTEMUN","TOT","KG_CAP","A","2011",534.529,
"FRA","WASTEMUN","TOT","KG_CAP","A","2012",527.041,
"FRA","WASTEMUN","TOT","KG_CAP","A","2013",519.705,
"FRA","WASTEMUN","TOT","KG_CAP","A","2014",516.77,
"FRA","WASTEMUN","TOT","KG_CAP","A","2015",515.87,
"FRA","WASTEMUN","TOT","KG_CAP","A","2016",529.268,
"FRA","WASTEMUN","TOT","KG_CAP","A","2017",534.764,
"FRA","WASTEMUN","TOT","KG_CAP","A","2018",534.545,
"FRA","WASTEMUN","TOT","KG_CAP","A","2019",555.796,
"FRA","WASTEMUN","TOT","KG_CAP","A","2020",536.11,
"DEU","WASTEMUN","TOT","KG_CAP","A","2000",648.764,
"DEU","WASTEMUN","TOT","KG_CAP","A","2001",639.319,
"DEU","WASTEMUN","TOT","KG_CAP","A","2002",647.23,
"DEU","WASTEMUN","TOT","KG_CAP","A","2003",608.006,
"DEU","WASTEMUN","TOT","KG_CAP","A","2004",593.216,
"DEU","WASTEMUN","TOT","KG_CAP","A","2005",570.508,
"DEU","WASTEMUN","TOT","KG_CAP","A","2006",569.838,
"DEU","WASTEMUN","TOT","KG_CAP","A","2007",589.177,
"DEU","WASTEMUN","TOT","KG_CAP","A","2008",596.639,
"DEU","WASTEMUN","TOT","KG_CAP","A","2009",599.086,
"DEU","WASTEMUN","TOT","KG_CAP","A","2010",609.165,
"DEU","WASTEMUN","TOT","KG_CAP","A","2011",621.317,
"DEU","WASTEMUN","TOT","KG_CAP","A","2012",614.516,
"DEU","WASTEMUN","TOT","KG_CAP","A","2013",610.661,
"DEU","WASTEMUN","TOT","KG_CAP","A","2014",627.4,
"DEU","WASTEMUN","TOT","KG_CAP","A","2015",631.21,
"DEU","WASTEMUN","TOT","KG_CAP","A","2016",634.269,
"DEU","WASTEMUN","TOT","KG_CAP","A","2017",626.555,
"DEU","WASTEMUN","TOT","KG_CAP","A","2018",604.636,
"DEU","WASTEMUN","TOT","KG_CAP","A","2019",606.005,
"DEU","WASTEMUN","TOT","KG_CAP","A","2020",627.411,
"GRC","WASTEMUN","TOT","KG_CAP","A","2000",401.278,
"GRC","WASTEMUN","TOT","KG_CAP","A","2001",409.45,
"GRC","WASTEMUN","TOT","KG_CAP","A","2002",414.95,
"GRC","WASTEMUN","TOT","KG_CAP","A","2003",419.855,
"GRC","WASTEMUN","TOT","KG_CAP","A","2004",425.59,
"GRC","WASTEMUN","TOT","KG_CAP","A","2005",432.346,
"GRC","WASTEMUN","TOT","KG_CAP","A","2006",440.501,
"GRC","WASTEMUN","TOT","KG_CAP","A","2007",449.769,
"GRC","WASTEMUN","TOT","KG_CAP","A","2008",459.86,
"GRC","WASTEMUN","TOT","KG_CAP","A","2009",470.287,
"GRC","WASTEMUN","TOT","KG_CAP","A","2010",543.46,
"GRC","WASTEMUN","TOT","KG_CAP","A","2011",515.834,
"GRC","WASTEMUN","TOT","KG_CAP","A","2012",506.719,
"GRC","WASTEMUN","TOT","KG_CAP","A","2013",491.97,
"GRC","WASTEMUN","TOT","KG_CAP","A","2014",496.661,
"GRC","WASTEMUN","TOT","KG_CAP","A","2015",495.04,
"GRC","WASTEMUN","TOT","KG_CAP","A","2016",505.597,
"GRC","WASTEMUN","TOT","KG_CAP","A","2017",512.326,
"GRC","WASTEMUN","TOT","KG_CAP","A","2018",524.888,
"GRC","WASTEMUN","TOT","KG_CAP","A","2019",535.944,
"HUN","WASTEMUN","TOT","KG_CAP","A","2000",445.379,
"HUN","WASTEMUN","TOT","KG_CAP","A","2001",451.564,
"HUN","WASTEMUN","TOT","KG_CAP","A","2002",456.956,
"HUN","WASTEMUN","TOT","KG_CAP","A","2003",463.45,
"HUN","WASTEMUN","TOT","KG_CAP","A","2004",453.963,
"HUN","WASTEMUN","TOT","KG_CAP","A","2005",460.641,
"HUN","WASTEMUN","TOT","KG_CAP","A","2006",468.492,
"HUN","WASTEMUN","TOT","KG_CAP","A","2007",458.243,
"HUN","WASTEMUN","TOT","KG_CAP","A","2008",455.67,
"HUN","WASTEMUN","TOT","KG_CAP","A","2009",432.956,
"HUN","WASTEMUN","TOT","KG_CAP","A","2010",406.25,
"HUN","WASTEMUN","TOT","KG_CAP","A","2011",384.915,
"HUN","WASTEMUN","TOT","KG_CAP","A","2012",404.284,
"HUN","WASTEMUN","TOT","KG_CAP","A","2013",380.113,
"HUN","WASTEMUN","TOT","KG_CAP","A","2014",387.048,
"HUN","WASTEMUN","TOT","KG_CAP","A","2015",379.631,
"HUN","WASTEMUN","TOT","KG_CAP","A","2016",381.525,
"HUN","WASTEMUN","TOT","KG_CAP","A","2017",387.263,
"HUN","WASTEMUN","TOT","KG_CAP","A","2018",384.136,
"HUN","WASTEMUN","TOT","KG_CAP","A","2019",390.307,
"HUN","WASTEMUN","TOT","KG_CAP","A","2020",367.003,
"ISL","WASTEMUN","TOT","KG_CAP","A","2000",463.557,
"ISL","WASTEMUN","TOT","KG_CAP","A","2001",470.114,
"ISL","WASTEMUN","TOT","KG_CAP","A","2002",480.146,
"ISL","WASTEMUN","TOT","KG_CAP","A","2003",486.196,
"ISL","WASTEMUN","TOT","KG_CAP","A","2004",504.981,
"ISL","WASTEMUN","TOT","KG_CAP","A","2005",518.679,
"ISL","WASTEMUN","TOT","KG_CAP","A","2006",570.513,
"ISL","WASTEMUN","TOT","KG_CAP","A","2007",570.155,
"ISL","WASTEMUN","TOT","KG_CAP","A","2008",669.111,
"ISL","WASTEMUN","TOT","KG_CAP","A","2009",417.642,
"ISL","WASTEMUN","TOT","KG_CAP","A","2010",480.739,
"ISL","WASTEMUN","TOT","KG_CAP","A","2011",488.453,
"ISL","WASTEMUN","TOT","KG_CAP","A","2012",503.624,
"ISL","WASTEMUN","TOT","KG_CAP","A","2013",510.407,
"ISL","WASTEMUN","TOT","KG_CAP","A","2014",532.579,
"ISL","WASTEMUN","TOT","KG_CAP","A","2015",589.117,
"ISL","WASTEMUN","TOT","KG_CAP","A","2016",661.81,
"ISL","WASTEMUN","TOT","KG_CAP","A","2017",673.914,
"ISL","WASTEMUN","TOT","KG_CAP","A","2018",735.054,
"IRL","WASTEMUN","TOT","KG_CAP","A","2000",602.338,
"IRL","WASTEMUN","TOT","KG_CAP","A","2001",703.754,
"IRL","WASTEMUN","TOT","KG_CAP","A","2002",696.111,
"IRL","WASTEMUN","TOT","KG_CAP","A","2003",733.126,
"IRL","WASTEMUN","TOT","KG_CAP","A","2004",739.405,
"IRL","WASTEMUN","TOT","KG_CAP","A","2005",734.252,
"IRL","WASTEMUN","TOT","KG_CAP","A","2006",800.025,
"IRL","WASTEMUN","TOT","KG_CAP","A","2007",785.659,
"IRL","WASTEMUN","TOT","KG_CAP","A","2008",730.157,
"IRL","WASTEMUN","TOT","KG_CAP","A","2009",657.011,
"IRL","WASTEMUN","TOT","KG_CAP","A","2010",624.9,
"IRL","WASTEMUN","TOT","KG_CAP","A","2011",614.883,
"IRL","WASTEMUN","TOT","KG_CAP","A","2012",584.285,
"IRL","WASTEMUN","TOT","KG_CAP","A","2013",583.369,
"IRL","WASTEMUN","TOT","KG_CAP","A","2014",566.048,
"IRL","WASTEMUN","TOT","KG_CAP","A","2015",562.937,
"IRL","WASTEMUN","TOT","KG_CAP","A","2016",588.436,
"IRL","WASTEMUN","TOT","KG_CAP","A","2017",582.343,
"IRL","WASTEMUN","TOT","KG_CAP","A","2018",604.386,
"IRL","WASTEMUN","TOT","KG_CAP","A","2019",631.982,
"ITA","WASTEMUN","TOT","KG_CAP","A","2000",510.811,
"ITA","WASTEMUN","TOT","KG_CAP","A","2001",517.08,
"ITA","WASTEMUN","TOT","KG_CAP","A","2002",522.258,
"ITA","WASTEMUN","TOT","KG_CAP","A","2003",521.762,
"ITA","WASTEMUN","TOT","KG_CAP","A","2004",537.547,
"ITA","WASTEMUN","TOT","KG_CAP","A","2005",543.366,
"ITA","WASTEMUN","TOT","KG_CAP","A","2006",555.424,
"ITA","WASTEMUN","TOT","KG_CAP","A","2007",553.824,
"ITA","WASTEMUN","TOT","KG_CAP","A","2008",550.914,
"ITA","WASTEMUN","TOT","KG_CAP","A","2009",543.214,
"ITA","WASTEMUN","TOT","KG_CAP","A","2010",546.816,
"ITA","WASTEMUN","TOT","KG_CAP","A","2011",526.707,
"ITA","WASTEMUN","TOT","KG_CAP","A","2012",500.906,
"ITA","WASTEMUN","TOT","KG_CAP","A","2013",491.517,
"ITA","WASTEMUN","TOT","KG_CAP","A","2014",490.849,
"ITA","WASTEMUN","TOT","KG_CAP","A","2015",487.368,
"ITA","WASTEMUN","TOT","KG_CAP","A","2016",496.381,
"ITA","WASTEMUN","TOT","KG_CAP","A","2017",487.394,
"ITA","WASTEMUN","TOT","KG_CAP","A","2018",497.548,
"ITA","WASTEMUN","TOT","KG_CAP","A","2019",495.837,
"JPN","WASTEMUN","TOT","KG_CAP","A","2000",429.981,
"JPN","WASTEMUN","TOT","KG_CAP","A","2001",428.153,
"JPN","WASTEMUN","TOT","KG_CAP","A","2002",423.784,
"JPN","WASTEMUN","TOT","KG_CAP","A","2003",423.799,
"JPN","WASTEMUN","TOT","KG_CAP","A","2004",416.336,
"JPN","WASTEMUN","TOT","KG_CAP","A","2005",410.828,
"JPN","WASTEMUN","TOT","KG_CAP","A","2006",405.1,
"JPN","WASTEMUN","TOT","KG_CAP","A","2007",395.474,
"JPN","WASTEMUN","TOT","KG_CAP","A","2008",374.253,
"JPN","WASTEMUN","TOT","KG_CAP","A","2009",359.783,
"JPN","WASTEMUN","TOT","KG_CAP","A","2010",352.872,
"JPN","WASTEMUN","TOT","KG_CAP","A","2011",353.544,
"JPN","WASTEMUN","TOT","KG_CAP","A","2012",352.225,
"JPN","WASTEMUN","TOT","KG_CAP","A","2013",349.72,
"JPN","WASTEMUN","TOT","KG_CAP","A","2014",345.771,
"JPN","WASTEMUN","TOT","KG_CAP","A","2015",343.641,
"JPN","WASTEMUN","TOT","KG_CAP","A","2016",337.891,
"JPN","WASTEMUN","TOT","KG_CAP","A","2017",336.416,
"JPN","WASTEMUN","TOT","KG_CAP","A","2018",335.898,
"JPN","WASTEMUN","TOT","KG_CAP","A","2019",336.882,
"KOR","WASTEMUN","TOT","KG_CAP","A","2000",357.75,
"KOR","WASTEMUN","TOT","KG_CAP","A","2001",371.065,
"KOR","WASTEMUN","TOT","KG_CAP","A","2002",379.466,
"KOR","WASTEMUN","TOT","KG_CAP","A","2003",383.725,
"KOR","WASTEMUN","TOT","KG_CAP","A","2004",376.381,
"KOR","WASTEMUN","TOT","KG_CAP","A","2005",362.723,
"KOR","WASTEMUN","TOT","KG_CAP","A","2006",364.727,
"KOR","WASTEMUN","TOT","KG_CAP","A","2007",374.754,
"KOR","WASTEMUN","TOT","KG_CAP","A","2008",386.439,
"KOR","WASTEMUN","TOT","KG_CAP","A","2009",376.534,
"KOR","WASTEMUN","TOT","KG_CAP","A","2010",362.151,
"KOR","WASTEMUN","TOT","KG_CAP","A","2011",358.754,
"KOR","WASTEMUN","TOT","KG_CAP","A","2012",357.187,
"KOR","WASTEMUN","TOT","KG_CAP","A","2013",353.277,
"KOR","WASTEMUN","TOT","KG_CAP","A","2014",360.003,
"KOR","WASTEMUN","TOT","KG_CAP","A","2015",368.041,
"KOR","WASTEMUN","TOT","KG_CAP","A","2016",384.968,
"KOR","WASTEMUN","TOT","KG_CAP","A","2017",382.095,
"KOR","WASTEMUN","TOT","KG_CAP","A","2018",399.692,
"KOR","WASTEMUN","TOT","KG_CAP","A","2019",412.997,
"LUX","WASTEMUN","TOT","KG_CAP","A","2000",654.101,
"LUX","WASTEMUN","TOT","KG_CAP","A","2001",647.91,
"LUX","WASTEMUN","TOT","KG_CAP","A","2002",656.458,
"LUX","WASTEMUN","TOT","KG_CAP","A","2003",685.035,
"LUX","WASTEMUN","TOT","KG_CAP","A","2004",688.084,
"LUX","WASTEMUN","TOT","KG_CAP","A","2005",683.106,
"LUX","WASTEMUN","TOT","KG_CAP","A","2006",692.962,
"LUX","WASTEMUN","TOT","KG_CAP","A","2007",701.95,
"LUX","WASTEMUN","TOT","KG_CAP","A","2008",701.875,
"LUX","WASTEMUN","TOT","KG_CAP","A","2009",680.992,
"LUX","WASTEMUN","TOT","KG_CAP","A","2010",677.824,
"LUX","WASTEMUN","TOT","KG_CAP","A","2011",664.979,
"LUX","WASTEMUN","TOT","KG_CAP","A","2012",651.954,
"LUX","WASTEMUN","TOT","KG_CAP","A","2013",616.939,
"LUX","WASTEMUN","TOT","KG_CAP","A","2014",627.852,
"LUX","WASTEMUN","TOT","KG_CAP","A","2015",610.421,
"LUX","WASTEMUN","TOT","KG_CAP","A","2016",818.427,
"LUX","WASTEMUN","TOT","KG_CAP","A","2017",803.889,
"LUX","WASTEMUN","TOT","KG_CAP","A","2018",808.139,
"LUX","WASTEMUN","TOT","KG_CAP","A","2019",796.94,
"LUX","WASTEMUN","TOT","KG_CAP","A","2020",795.169,
"MEX","WASTEMUN","TOT","KG_CAP","A","2000",310.749,
"MEX","WASTEMUN","TOT","KG_CAP","A","2001",313.95,
"MEX","WASTEMUN","TOT","KG_CAP","A","2002",316.405,
"MEX","WASTEMUN","TOT","KG_CAP","A","2003",319.319,
"MEX","WASTEMUN","TOT","KG_CAP","A","2004",331.091,
"MEX","WASTEMUN","TOT","KG_CAP","A","2005",333.992,
"MEX","WASTEMUN","TOT","KG_CAP","A","2006",335.952,
"MEX","WASTEMUN","TOT","KG_CAP","A","2007",337.683,
"MEX","WASTEMUN","TOT","KG_CAP","A","2008",339.258,
"MEX","WASTEMUN","TOT","KG_CAP","A","2009",340.776,
"MEX","WASTEMUN","TOT","KG_CAP","A","2010",351.106,
"MEX","WASTEMUN","TOT","KG_CAP","A","2011",354.919,
"MEX","WASTEMUN","TOT","KG_CAP","A","2012",359.011,
"NLD","WASTEMUN","TOT","KG_CAP","A","2000",598.323,
"NLD","WASTEMUN","TOT","KG_CAP","A","2001",596.2,
"NLD","WASTEMUN","TOT","KG_CAP","A","2002",601.104,
"NLD","WASTEMUN","TOT","KG_CAP","A","2003",586.632,
"NLD","WASTEMUN","TOT","KG_CAP","A","2004",598.385,
"NLD","WASTEMUN","TOT","KG_CAP","A","2005",596.866,
"NLD","WASTEMUN","TOT","KG_CAP","A","2006",593.732,
"NLD","WASTEMUN","TOT","KG_CAP","A","2007",601.091,
"NLD","WASTEMUN","TOT","KG_CAP","A","2008",595.602,
"NLD","WASTEMUN","TOT","KG_CAP","A","2009",585.696,
"NLD","WASTEMUN","TOT","KG_CAP","A","2010",568.485,
"NLD","WASTEMUN","TOT","KG_CAP","A","2011",566.31,
"NLD","WASTEMUN","TOT","KG_CAP","A","2012",548.063,
"NLD","WASTEMUN","TOT","KG_CAP","A","2013",524.831,
"NLD","WASTEMUN","TOT","KG_CAP","A","2014",526.505,
"NLD","WASTEMUN","TOT","KG_CAP","A","2015",523.423,
"NLD","WASTEMUN","TOT","KG_CAP","A","2016",521.81,
"NLD","WASTEMUN","TOT","KG_CAP","A","2017",516.528,
"NLD","WASTEMUN","TOT","KG_CAP","A","2018",516.192,
"NLD","WASTEMUN","TOT","KG_CAP","A","2019",515.058,
"NLD","WASTEMUN","TOT","KG_CAP","A","2020",543.978,
"NZL","WASTEMUN","TOT","KG_CAP","A","2002",762.515,
"NZL","WASTEMUN","TOT","KG_CAP","A","2003",764.532,
"NZL","WASTEMUN","TOT","KG_CAP","A","2004",780.802,
"NZL","WASTEMUN","TOT","KG_CAP","A","2006",753.963,
"NZL","WASTEMUN","TOT","KG_CAP","A","2010",579.397,
"NZL","WASTEMUN","TOT","KG_CAP","A","2011",568.497,
"NZL","WASTEMUN","TOT","KG_CAP","A","2012",562.61,
"NZL","WASTEMUN","TOT","KG_CAP","A","2013",594,
"NZL","WASTEMUN","TOT","KG_CAP","A","2014",641.705,
"NZL","WASTEMUN","TOT","KG_CAP","A","2015",698.013,
"NZL","WASTEMUN","TOT","KG_CAP","A","2016",730.801,
"NZL","WASTEMUN","TOT","KG_CAP","A","2017",740.319,
"NZL","WASTEMUN","TOT","KG_CAP","A","2018",781.13,
"NOR","WASTEMUN","TOT","KG_CAP","A","2000",618.491,
"NOR","WASTEMUN","TOT","KG_CAP","A","2001",363.786,
"NOR","WASTEMUN","TOT","KG_CAP","A","2002",395.506,
"NOR","WASTEMUN","TOT","KG_CAP","A","2003",405.8,
"NOR","WASTEMUN","TOT","KG_CAP","A","2004",418.037,
"NOR","WASTEMUN","TOT","KG_CAP","A","2005",429.128,
"NOR","WASTEMUN","TOT","KG_CAP","A","2006",462.577,
"NOR","WASTEMUN","TOT","KG_CAP","A","2007",494.841,
"NOR","WASTEMUN","TOT","KG_CAP","A","2008",492.029,
"NOR","WASTEMUN","TOT","KG_CAP","A","2009",474.827,
"NOR","WASTEMUN","TOT","KG_CAP","A","2010",469.721,
"NOR","WASTEMUN","TOT","KG_CAP","A","2011",485.618,
"NOR","WASTEMUN","TOT","KG_CAP","A","2012",477.091,
"NOR","WASTEMUN","TOT","KG_CAP","A","2013",495.714,
"NOR","WASTEMUN","TOT","KG_CAP","A","2014",423.051,
"NOR","WASTEMUN","TOT","KG_CAP","A","2015",420.633,
"NOR","WASTEMUN","TOT","KG_CAP","A","2016",751.515,
"NOR","WASTEMUN","TOT","KG_CAP","A","2017",745.652,
"NOR","WASTEMUN","TOT","KG_CAP","A","2018",735.656,
"NOR","WASTEMUN","TOT","KG_CAP","A","2019",771.686,
"NOR","WASTEMUN","TOT","KG_CAP","A","2020",720.315,
"POL","WASTEMUN","TOT","KG_CAP","A","2000",317.091,
"POL","WASTEMUN","TOT","KG_CAP","A","2001",288.324,
"POL","WASTEMUN","TOT","KG_CAP","A","2002",273.042,
"POL","WASTEMUN","TOT","KG_CAP","A","2003",258.182,
"POL","WASTEMUN","TOT","KG_CAP","A","2004",254.144,
"POL","WASTEMUN","TOT","KG_CAP","A","2005",317.157,
"POL","WASTEMUN","TOT","KG_CAP","A","2006",318.998,
"POL","WASTEMUN","TOT","KG_CAP","A","2007",319.764,
"POL","WASTEMUN","TOT","KG_CAP","A","2008",317.91,
"POL","WASTEMUN","TOT","KG_CAP","A","2009",314.274,
"POL","WASTEMUN","TOT","KG_CAP","A","2010",313.907,
"POL","WASTEMUN","TOT","KG_CAP","A","2011",316.793,
"POL","WASTEMUN","TOT","KG_CAP","A","2012",316.111,
"POL","WASTEMUN","TOT","KG_CAP","A","2013",296.006,
"POL","WASTEMUN","TOT","KG_CAP","A","2014",271.192,
"POL","WASTEMUN","TOT","KG_CAP","A","2015",285.612,
"POL","WASTEMUN","TOT","KG_CAP","A","2016",306.78,
"POL","WASTEMUN","TOT","KG_CAP","A","2017",315.355,
"POL","WASTEMUN","TOT","KG_CAP","A","2018",329.243,
"POL","WASTEMUN","TOT","KG_CAP","A","2019",336.594,
"POL","WASTEMUN","TOT","KG_CAP","A","2020",346.581,
"PRT","WASTEMUN","TOT","KG_CAP","A","2000",456.881,
"PRT","WASTEMUN","TOT","KG_CAP","A","2001",455.368,
"PRT","WASTEMUN","TOT","KG_CAP","A","2002",442.437,
"PRT","WASTEMUN","TOT","KG_CAP","A","2003",449.947,
"PRT","WASTEMUN","TOT","KG_CAP","A","2004",445.537,
"PRT","WASTEMUN","TOT","KG_CAP","A","2005",451.557,
"PRT","WASTEMUN","TOT","KG_CAP","A","2006",464.588,
"PRT","WASTEMUN","TOT","KG_CAP","A","2007",469.8,
"PRT","WASTEMUN","TOT","KG_CAP","A","2008",516.44,
"PRT","WASTEMUN","TOT","KG_CAP","A","2009",518.317,
"PRT","WASTEMUN","TOT","KG_CAP","A","2010",515.016,
"PRT","WASTEMUN","TOT","KG_CAP","A","2011",489.884,
"PRT","WASTEMUN","TOT","KG_CAP","A","2012",452.763,
"PRT","WASTEMUN","TOT","KG_CAP","A","2013",439.027,
"PRT","WASTEMUN","TOT","KG_CAP","A","2014",452.137,
"PRT","WASTEMUN","TOT","KG_CAP","A","2015",459.939,
"PRT","WASTEMUN","TOT","KG_CAP","A","2016",473.64,
"PRT","WASTEMUN","TOT","KG_CAP","A","2017",486.615,
"PRT","WASTEMUN","TOT","KG_CAP","A","2018",508.293,
"PRT","WASTEMUN","TOT","KG_CAP","A","2019",516.457,
"PRT","WASTEMUN","TOT","KG_CAP","A","2020",517.667,
"SVK","WASTEMUN","TOT","KG_CAP","A","2000",253.498,
"SVK","WASTEMUN","TOT","KG_CAP","A","2001",238.143,
"SVK","WASTEMUN","TOT","KG_CAP","A","2002",268.348,
"SVK","WASTEMUN","TOT","KG_CAP","A","2003",279.868,
"SVK","WASTEMUN","TOT","KG_CAP","A","2004",259.295,
"SVK","WASTEMUN","TOT","KG_CAP","A","2005",271.862,
"SVK","WASTEMUN","TOT","KG_CAP","A","2006",282.29,
"SVK","WASTEMUN","TOT","KG_CAP","A","2007",292.489,
"SVK","WASTEMUN","TOT","KG_CAP","A","2008",312.172,
"SVK","WASTEMUN","TOT","KG_CAP","A","2009",306.296,
"SVK","WASTEMUN","TOT","KG_CAP","A","2010",318.082,
"SVK","WASTEMUN","TOT","KG_CAP","A","2011",310.398,
"SVK","WASTEMUN","TOT","KG_CAP","A","2012",305.929,
"SVK","WASTEMUN","TOT","KG_CAP","A","2013",303.343,
"SVK","WASTEMUN","TOT","KG_CAP","A","2014",319.222,
"SVK","WASTEMUN","TOT","KG_CAP","A","2015",328.239,
"SVK","WASTEMUN","TOT","KG_CAP","A","2016",347.212,
"SVK","WASTEMUN","TOT","KG_CAP","A","2017",377.722,
"SVK","WASTEMUN","TOT","KG_CAP","A","2018",413.365,
"SVK","WASTEMUN","TOT","KG_CAP","A","2019",421.267,
"SVK","WASTEMUN","TOT","KG_CAP","A","2020",433.292,
"ESP","WASTEMUN","TOT","KG_CAP","A","2000",649.239,
"ESP","WASTEMUN","TOT","KG_CAP","A","2001",644.152,
"ESP","WASTEMUN","TOT","KG_CAP","A","2002",629.873,
"ESP","WASTEMUN","TOT","KG_CAP","A","2003",640.194,
"ESP","WASTEMUN","TOT","KG_CAP","A","2004",594.481,
"ESP","WASTEMUN","TOT","KG_CAP","A","2005",583.451,
"ESP","WASTEMUN","TOT","KG_CAP","A","2006",585.961,
"ESP","WASTEMUN","TOT","KG_CAP","A","2007",575.71,
"ESP","WASTEMUN","TOT","KG_CAP","A","2008",549.546,
"ESP","WASTEMUN","TOT","KG_CAP","A","2009",538.988,
"ESP","WASTEMUN","TOT","KG_CAP","A","2010",506.582,
"ESP","WASTEMUN","TOT","KG_CAP","A","2011",481.529,
"ESP","WASTEMUN","TOT","KG_CAP","A","2012",465.255,
"ESP","WASTEMUN","TOT","KG_CAP","A","2013",451.395,
"ESP","WASTEMUN","TOT","KG_CAP","A","2014",445.432,
"ESP","WASTEMUN","TOT","KG_CAP","A","2015",453.33,
"ESP","WASTEMUN","TOT","KG_CAP","A","2016",461.932,
"ESP","WASTEMUN","TOT","KG_CAP","A","2017",472.007,
"ESP","WASTEMUN","TOT","KG_CAP","A","2018",476.076,
"ESP","WASTEMUN","TOT","KG_CAP","A","2019",476.321,
"ESP","WASTEMUN","TOT","KG_CAP","A","2020",460.477,
"SWE","WASTEMUN","TOT","KG_CAP","A","2000",424.809,
"SWE","WASTEMUN","TOT","KG_CAP","A","2001",439.12,
"SWE","WASTEMUN","TOT","KG_CAP","A","2002",465.098,
"SWE","WASTEMUN","TOT","KG_CAP","A","2003",464.641,
"SWE","WASTEMUN","TOT","KG_CAP","A","2004",460.799,
"SWE","WASTEMUN","TOT","KG_CAP","A","2005",478.029,
"SWE","WASTEMUN","TOT","KG_CAP","A","2006",490.455,
"SWE","WASTEMUN","TOT","KG_CAP","A","2007",486.738,
"SWE","WASTEMUN","TOT","KG_CAP","A","2008",484.6,
"SWE","WASTEMUN","TOT","KG_CAP","A","2009",471.432,
"SWE","WASTEMUN","TOT","KG_CAP","A","2010",440.899,
"SWE","WASTEMUN","TOT","KG_CAP","A","2011",451.886,
"SWE","WASTEMUN","TOT","KG_CAP","A","2012",453.065,
"SWE","WASTEMUN","TOT","KG_CAP","A","2013",454.508,
"SWE","WASTEMUN","TOT","KG_CAP","A","2014",443.129,
"SWE","WASTEMUN","TOT","KG_CAP","A","2015",452.8,
"SWE","WASTEMUN","TOT","KG_CAP","A","2016",451.342,
"SWE","WASTEMUN","TOT","KG_CAP","A","2017",459.463,
"SWE","WASTEMUN","TOT","KG_CAP","A","2018",442.812,
"SWE","WASTEMUN","TOT","KG_CAP","A","2019",459.41,
"SWE","WASTEMUN","TOT","KG_CAP","A","2020",441.597,
"CHE","WASTEMUN","TOT","KG_CAP","A","2000",662.256,
"CHE","WASTEMUN","TOT","KG_CAP","A","2001",667.765,
"CHE","WASTEMUN","TOT","KG_CAP","A","2002",683.621,
"CHE","WASTEMUN","TOT","KG_CAP","A","2003",676.356,
"CHE","WASTEMUN","TOT","KG_CAP","A","2004",669.058,
"CHE","WASTEMUN","TOT","KG_CAP","A","2005",668.759,
"CHE","WASTEMUN","TOT","KG_CAP","A","2006",714.673,
"CHE","WASTEMUN","TOT","KG_CAP","A","2007",725.091,
"CHE","WASTEMUN","TOT","KG_CAP","A","2008",741.588,
"CHE","WASTEMUN","TOT","KG_CAP","A","2009",707.943,
"CHE","WASTEMUN","TOT","KG_CAP","A","2010",712.669,
"CHE","WASTEMUN","TOT","KG_CAP","A","2011",692.805,
"CHE","WASTEMUN","TOT","KG_CAP","A","2012",696.303,
"CHE","WASTEMUN","TOT","KG_CAP","A","2013",703.92,
"CHE","WASTEMUN","TOT","KG_CAP","A","2014",731.903,
"CHE","WASTEMUN","TOT","KG_CAP","A","2015",726.788,
"CHE","WASTEMUN","TOT","KG_CAP","A","2016",721.964,
"CHE","WASTEMUN","TOT","KG_CAP","A","2017",708.626,
"CHE","WASTEMUN","TOT","KG_CAP","A","2018",705.169,
"CHE","WASTEMUN","TOT","KG_CAP","A","2019",707.571,
"CHE","WASTEMUN","TOT","KG_CAP","A","2020",704.364,
"TUR","WASTEMUN","TOT","KG_CAP","A","2000",484.138,
"TUR","WASTEMUN","TOT","KG_CAP","A","2001",483.405,
"TUR","WASTEMUN","TOT","KG_CAP","A","2002",475.848,
"TUR","WASTEMUN","TOT","KG_CAP","A","2003",470.293,
"TUR","WASTEMUN","TOT","KG_CAP","A","2004",443.751,
"TUR","WASTEMUN","TOT","KG_CAP","A","2005",461.712,
"TUR","WASTEMUN","TOT","KG_CAP","A","2006",437.51,
"TUR","WASTEMUN","TOT","KG_CAP","A","2007",436.401,
"TUR","WASTEMUN","TOT","KG_CAP","A","2008",404.069,
"TUR","WASTEMUN","TOT","KG_CAP","A","2009",423.379,
"TUR","WASTEMUN","TOT","KG_CAP","A","2010",411.091,
"TUR","WASTEMUN","TOT","KG_CAP","A","2011",420.216,
"TUR","WASTEMUN","TOT","KG_CAP","A","2012",412.399,
"TUR","WASTEMUN","TOT","KG_CAP","A","2013",407.242,
"TUR","WASTEMUN","TOT","KG_CAP","A","2014",404.38,
"TUR","WASTEMUN","TOT","KG_CAP","A","2015",398.36,
"TUR","WASTEMUN","TOT","KG_CAP","A","2016",422.948,
"TUR","WASTEMUN","TOT","KG_CAP","A","2017",421.283,
"TUR","WASTEMUN","TOT","KG_CAP","A","2018",419.395,
"TUR","WASTEMUN","TOT","KG_CAP","A","2019",419.724,
"GBR","WASTEMUN","TOT","KG_CAP","A","2000",576.241,
"GBR","WASTEMUN","TOT","KG_CAP","A","2001",591.043,
"GBR","WASTEMUN","TOT","KG_CAP","A","2002",598.925,
"GBR","WASTEMUN","TOT","KG_CAP","A","2003",592.313,
"GBR","WASTEMUN","TOT","KG_CAP","A","2004",603.296,
"GBR","WASTEMUN","TOT","KG_CAP","A","2005",582.554,
"GBR","WASTEMUN","TOT","KG_CAP","A","2006",583.331,
"GBR","WASTEMUN","TOT","KG_CAP","A","2007",565.941,
"GBR","WASTEMUN","TOT","KG_CAP","A","2008",537.838,
"GBR","WASTEMUN","TOT","KG_CAP","A","2009",517.399,
"GBR","WASTEMUN","TOT","KG_CAP","A","2010",503.539,
"GBR","WASTEMUN","TOT","KG_CAP","A","2011",485.241,
"GBR","WASTEMUN","TOT","KG_CAP","A","2012",471.334,
"GBR","WASTEMUN","TOT","KG_CAP","A","2013",475.354,
"GBR","WASTEMUN","TOT","KG_CAP","A","2014",475.817,
"GBR","WASTEMUN","TOT","KG_CAP","A","2015",477.907,
"GBR","WASTEMUN","TOT","KG_CAP","A","2016",478.295,
"GBR","WASTEMUN","TOT","KG_CAP","A","2017",463.255,
"GBR","WASTEMUN","TOT","KG_CAP","A","2018",458.526,
"GBR","WASTEMUN","TOT","KG_CAP","A","2019",454.286,
"GBR","WASTEMUN","TOT","KG_CAP","A","2020",456.68,
"USA","WASTEMUN","TOT","KG_CAP","A","2000",783.974,
"USA","WASTEMUN","TOT","KG_CAP","A","2001",767.547,
"USA","WASTEMUN","TOT","KG_CAP","A","2002",774.716,
"USA","WASTEMUN","TOT","KG_CAP","A","2003",771.346,
"USA","WASTEMUN","TOT","KG_CAP","A","2004",788.542,
"USA","WASTEMUN","TOT","KG_CAP","A","2005",780.288,
"USA","WASTEMUN","TOT","KG_CAP","A","2006",783.308,
"USA","WASTEMUN","TOT","KG_CAP","A","2007",774.073,
"USA","WASTEMUN","TOT","KG_CAP","A","2008",755.224,
"USA","WASTEMUN","TOT","KG_CAP","A","2009",725.376,
"USA","WASTEMUN","TOT","KG_CAP","A","2010",737.024,
"USA","WASTEMUN","TOT","KG_CAP","A","2011",733.616,
"USA","WASTEMUN","TOT","KG_CAP","A","2012",728.795,
"USA","WASTEMUN","TOT","KG_CAP","A","2013",731.338,
"USA","WASTEMUN","TOT","KG_CAP","A","2014",735.601,
"USA","WASTEMUN","TOT","KG_CAP","A","2015",741.035,
"USA","WASTEMUN","TOT","KG_CAP","A","2016",752.981,
"USA","WASTEMUN","TOT","KG_CAP","A","2017",749.725,
"USA","WASTEMUN","TOT","KG_CAP","A","2018",810.845,
"CHL","WASTEMUN","TOT","KG_CAP","A","2000",294.629,
"CHL","WASTEMUN","TOT","KG_CAP","A","2001",290.969,
"CHL","WASTEMUN","TOT","KG_CAP","A","2002",296.288,
"CHL","WASTEMUN","TOT","KG_CAP","A","2003",302.991,
"CHL","WASTEMUN","TOT","KG_CAP","A","2004",309.966,
"CHL","WASTEMUN","TOT","KG_CAP","A","2005",315.998,
"CHL","WASTEMUN","TOT","KG_CAP","A","2006",324.736,
"CHL","WASTEMUN","TOT","KG_CAP","A","2007",332.295,
"CHL","WASTEMUN","TOT","KG_CAP","A","2008",335.642,
"CHL","WASTEMUN","TOT","KG_CAP","A","2009",342.262,
"CHL","WASTEMUN","TOT","KG_CAP","A","2010",347.879,
"CHL","WASTEMUN","TOT","KG_CAP","A","2011",356.42,
"CHL","WASTEMUN","TOT","KG_CAP","A","2014",383.564,
"CHL","WASTEMUN","TOT","KG_CAP","A","2015",400.535,
"CHL","WASTEMUN","TOT","KG_CAP","A","2016",396.981,
"CHL","WASTEMUN","TOT","KG_CAP","A","2017",439.729,
"CHL","WASTEMUN","TOT","KG_CAP","A","2018",436.616,
"EST","WASTEMUN","TOT","KG_CAP","A","2000",452.43,
"EST","WASTEMUN","TOT","KG_CAP","A","2001",365.392,
"EST","WASTEMUN","TOT","KG_CAP","A","2002",400.104,
"EST","WASTEMUN","TOT","KG_CAP","A","2003",412.849,
"EST","WASTEMUN","TOT","KG_CAP","A","2004",444.568,
"EST","WASTEMUN","TOT","KG_CAP","A","2005",433.143,
"EST","WASTEMUN","TOT","KG_CAP","A","2006",397.222,
"EST","WASTEMUN","TOT","KG_CAP","A","2007",447.817,
"EST","WASTEMUN","TOT","KG_CAP","A","2008",391.024,
"EST","WASTEMUN","TOT","KG_CAP","A","2009",338.288,
"EST","WASTEMUN","TOT","KG_CAP","A","2010",304.782,
"EST","WASTEMUN","TOT","KG_CAP","A","2011",300.52,
"EST","WASTEMUN","TOT","KG_CAP","A","2012",280.389,
"EST","WASTEMUN","TOT","KG_CAP","A","2013",292.85,
"EST","WASTEMUN","TOT","KG_CAP","A","2014",356.728,
"EST","WASTEMUN","TOT","KG_CAP","A","2015",359.263,
"EST","WASTEMUN","TOT","KG_CAP","A","2016",375.508,
"EST","WASTEMUN","TOT","KG_CAP","A","2017",389.301,
"EST","WASTEMUN","TOT","KG_CAP","A","2018",404.782,
"EST","WASTEMUN","TOT","KG_CAP","A","2019",369.456,
"EST","WASTEMUN","TOT","KG_CAP","A","2020",384.082,
"ISR","WASTEMUN","TOT","KG_CAP","A","2000",667.274,
"ISR","WASTEMUN","TOT","KG_CAP","A","2001",592.422,
"ISR","WASTEMUN","TOT","KG_CAP","A","2002",624.926,
"ISR","WASTEMUN","TOT","KG_CAP","A","2003",612.729,
"ISR","WASTEMUN","TOT","KG_CAP","A","2004",621.902,
"ISR","WASTEMUN","TOT","KG_CAP","A","2005",625.778,
"ISR","WASTEMUN","TOT","KG_CAP","A","2006",632.724,
"ISR","WASTEMUN","TOT","KG_CAP","A","2007",628.583,
"ISR","WASTEMUN","TOT","KG_CAP","A","2008",631.549,
"ISR","WASTEMUN","TOT","KG_CAP","A","2009",632.931,
"ISR","WASTEMUN","TOT","KG_CAP","A","2010",629.308,
"ISR","WASTEMUN","TOT","KG_CAP","A","2011",633.864,
"ISR","WASTEMUN","TOT","KG_CAP","A","2012",635.25,
"ISR","WASTEMUN","TOT","KG_CAP","A","2013",628.571,
"ISR","WASTEMUN","TOT","KG_CAP","A","2014",630.904,
"ISR","WASTEMUN","TOT","KG_CAP","A","2015",636.918,
"ISR","WASTEMUN","TOT","KG_CAP","A","2016",648.837,
"ISR","WASTEMUN","TOT","KG_CAP","A","2017",659.237,
"ISR","WASTEMUN","TOT","KG_CAP","A","2018",675.082,
"ISR","WASTEMUN","TOT","KG_CAP","A","2019",676.021,
"ISR","WASTEMUN","TOT","KG_CAP","A","2020",691.158,
"SVN","WASTEMUN","TOT","KG_CAP","A","2000",513.153,
"SVN","WASTEMUN","TOT","KG_CAP","A","2001",479.345,
"SVN","WASTEMUN","TOT","KG_CAP","A","2002",408.631,
"SVN","WASTEMUN","TOT","KG_CAP","A","2003",419.559,
"SVN","WASTEMUN","TOT","KG_CAP","A","2004",486.984,
"SVN","WASTEMUN","TOT","KG_CAP","A","2005",495.609,
"SVN","WASTEMUN","TOT","KG_CAP","A","2006",517.606,
"SVN","WASTEMUN","TOT","KG_CAP","A","2007",526.85,
"SVN","WASTEMUN","TOT","KG_CAP","A","2008",541.143,
"SVN","WASTEMUN","TOT","KG_CAP","A","2009",525.787,
"SVN","WASTEMUN","TOT","KG_CAP","A","2010",491.303,
"SVN","WASTEMUN","TOT","KG_CAP","A","2011",415.409,
"SVN","WASTEMUN","TOT","KG_CAP","A","2012",361.551,
"SVN","WASTEMUN","TOT","KG_CAP","A","2013",413.641,
"SVN","WASTEMUN","TOT","KG_CAP","A","2014",431.301,
"SVN","WASTEMUN","TOT","KG_CAP","A","2015",447.055,
"SVN","WASTEMUN","TOT","KG_CAP","A","2016",454.554,
"SVN","WASTEMUN","TOT","KG_CAP","A","2017",469.129,
"SVN","WASTEMUN","TOT","KG_CAP","A","2018",485.374,
"SVN","WASTEMUN","TOT","KG_CAP","A","2019",506.223,
"SVN","WASTEMUN","TOT","KG_CAP","A","2020",492.6,
"OECD","WASTEMUN","TOT","KG_CAP","A","2000",543.68,
"OECD","WASTEMUN","TOT","KG_CAP","A","2001",538.522,
"OECD","WASTEMUN","TOT","KG_CAP","A","2002",541.465,
"OECD","WASTEMUN","TOT","KG_CAP","A","2003",536.451,
"OECD","WASTEMUN","TOT","KG_CAP","A","2004",539.27,
"OECD","WASTEMUN","TOT","KG_CAP","A","2005",539.193,
"OECD","WASTEMUN","TOT","KG_CAP","A","2006",540.551,
"OECD","WASTEMUN","TOT","KG_CAP","A","2007",539.932,
"OECD","WASTEMUN","TOT","KG_CAP","A","2008",530.288,
"OECD","WASTEMUN","TOT","KG_CAP","A","2009",520.581,
"OECD","WASTEMUN","TOT","KG_CAP","A","2010",518.865,
"OECD","WASTEMUN","TOT","KG_CAP","A","2011",517.383,
"OECD","WASTEMUN","TOT","KG_CAP","A","2012",511.039,
"OECD","WASTEMUN","TOT","KG_CAP","A","2013",508.261,
"OECD","WASTEMUN","TOT","KG_CAP","A","2014",508.679,
"OECD","WASTEMUN","TOT","KG_CAP","A","2015",511.418,
"OECD","WASTEMUN","TOT","KG_CAP","A","2016",519.476,
"OECD","WASTEMUN","TOT","KG_CAP","A","2017",518.577,
"OECD","WASTEMUN","TOT","KG_CAP","A","2018",534.665,
"OECD","WASTEMUN","TOT","KG_CAP","A","2019",535.24,
"OECD","WASTEMUN","TOT","KG_CAP","A","2020",533.756,
"OECDE","WASTEMUN","TOT","KG_CAP","A","2000",526.886,
"OECDE","WASTEMUN","TOT","KG_CAP","A","2001",523.781,
"OECDE","WASTEMUN","TOT","KG_CAP","A","2002",526.279,
"OECDE","WASTEMUN","TOT","KG_CAP","A","2003",515.84,
"OECDE","WASTEMUN","TOT","KG_CAP","A","2004",511.389,
"OECDE","WASTEMUN","TOT","KG_CAP","A","2005",515.069,
"OECDE","WASTEMUN","TOT","KG_CAP","A","2006",517.661,
"OECDE","WASTEMUN","TOT","KG_CAP","A","2007",520.212,
"OECDE","WASTEMUN","TOT","KG_CAP","A","2008",512.214,
"OECDE","WASTEMUN","TOT","KG_CAP","A","2009",506.468,
"OECDE","WASTEMUN","TOT","KG_CAP","A","2010",501.169,
"OECDE","WASTEMUN","TOT","KG_CAP","A","2011",497.882,
"OECDE","WASTEMUN","TOT","KG_CAP","A","2012",486.604,
"OECDE","WASTEMUN","TOT","KG_CAP","A","2013",480.014,
"OECDE","WASTEMUN","TOT","KG_CAP","A","2014",479.391,
"OECDE","WASTEMUN","TOT","KG_CAP","A","2015",480.984,
"OECDE","WASTEMUN","TOT","KG_CAP","A","2016",494.397,
"OECDE","WASTEMUN","TOT","KG_CAP","A","2017",495.651,
"OECDE","WASTEMUN","TOT","KG_CAP","A","2018",495.317,
"OECDE","WASTEMUN","TOT","KG_CAP","A","2019",500.198,
"OECDE","WASTEMUN","TOT","KG_CAP","A","2020",500.38,
"COL","WASTEMUN","TOT","KG_CAP","A","2003",127.495,
"COL","WASTEMUN","TOT","KG_CAP","A","2004",145.641,
"COL","WASTEMUN","TOT","KG_CAP","A","2005",177.808,
"COL","WASTEMUN","TOT","KG_CAP","A","2006",175.531,
"COL","WASTEMUN","TOT","KG_CAP","A","2007",209.294,
"COL","WASTEMUN","TOT","KG_CAP","A","2008",206.848,
"COL","WASTEMUN","TOT","KG_CAP","A","2009",251.92,
"COL","WASTEMUN","TOT","KG_CAP","A","2010",198.577,
"COL","WASTEMUN","TOT","KG_CAP","A","2011",212.121,
"COL","WASTEMUN","TOT","KG_CAP","A","2012",195.247,
"COL","WASTEMUN","TOT","KG_CAP","A","2013",196.675,
"COL","WASTEMUN","TOT","KG_CAP","A","2014",194.701,
"COL","WASTEMUN","TOT","KG_CAP","A","2015",209.758,
"COL","WASTEMUN","TOT","KG_CAP","A","2016",236.638,
"COL","WASTEMUN","TOT","KG_CAP","A","2017",221.979,
"COL","WASTEMUN","TOT","KG_CAP","A","2018",243.3,
"LVA","WASTEMUN","TOT","KG_CAP","A","2000",269.278,
"LVA","WASTEMUN","TOT","KG_CAP","A","2001",302.286,
"LVA","WASTEMUN","TOT","KG_CAP","A","2002",339.974,
"LVA","WASTEMUN","TOT","KG_CAP","A","2003",301.409,
"LVA","WASTEMUN","TOT","KG_CAP","A","2004",316.106,
"LVA","WASTEMUN","TOT","KG_CAP","A","2005",317.94,
"LVA","WASTEMUN","TOT","KG_CAP","A","2006",341.564,
"LVA","WASTEMUN","TOT","KG_CAP","A","2007",391.667,
"LVA","WASTEMUN","TOT","KG_CAP","A","2008",346.307,
"LVA","WASTEMUN","TOT","KG_CAP","A","2009",351.066,
"LVA","WASTEMUN","TOT","KG_CAP","A","2010",320.995,
"LVA","WASTEMUN","TOT","KG_CAP","A","2011",344.209,
"LVA","WASTEMUN","TOT","KG_CAP","A","2012",317.836,
"LVA","WASTEMUN","TOT","KG_CAP","A","2013",344.263,
"LVA","WASTEMUN","TOT","KG_CAP","A","2014",359.189,
"LVA","WASTEMUN","TOT","KG_CAP","A","2015",399.493,
"LVA","WASTEMUN","TOT","KG_CAP","A","2016",406.464,
"LVA","WASTEMUN","TOT","KG_CAP","A","2017",409.097,
"LVA","WASTEMUN","TOT","KG_CAP","A","2018",407.097,
"LVA","WASTEMUN","TOT","KG_CAP","A","2019",440.758,
"LVA","WASTEMUN","TOT","KG_CAP","A","2020",481.9,
"RUS","WASTEMUN","TOT","KG_CAP","A","2000",354.009,
"RUS","WASTEMUN","TOT","KG_CAP","A","2001",350.511,
"RUS","WASTEMUN","TOT","KG_CAP","A","2002",371.933,
"RUS","WASTEMUN","TOT","KG_CAP","A","2003",380.804,
"RUS","WASTEMUN","TOT","KG_CAP","A","2004",401.32,
"RUS","WASTEMUN","TOT","KG_CAP","A","2005",401.574,
"RUS","WASTEMUN","TOT","KG_CAP","A","2006",424.309,
"RUS","WASTEMUN","TOT","KG_CAP","A","2007",438.821,
"RUS","WASTEMUN","TOT","KG_CAP","A","2008",451,
"RUS","WASTEMUN","TOT","KG_CAP","A","2009",466.568,
"RUS","WASTEMUN","TOT","KG_CAP","A","2010",482.694,
"RUS","WASTEMUN","TOT","KG_CAP","A","2011",481.537,
"RUS","WASTEMUN","TOT","KG_CAP","A","2012",559.498,
"LTU","WASTEMUN","TOT","KG_CAP","A","2000",364.357,
"LTU","WASTEMUN","TOT","KG_CAP","A","2001",378.121,
"LTU","WASTEMUN","TOT","KG_CAP","A","2002",404.99,
"LTU","WASTEMUN","TOT","KG_CAP","A","2003",388.83,
"LTU","WASTEMUN","TOT","KG_CAP","A","2004",372.692,
"LTU","WASTEMUN","TOT","KG_CAP","A","2005",384.949,
"LTU","WASTEMUN","TOT","KG_CAP","A","2006",401.328,
"LTU","WASTEMUN","TOT","KG_CAP","A","2007",415.348,
"LTU","WASTEMUN","TOT","KG_CAP","A","2008",426.093,
"LTU","WASTEMUN","TOT","KG_CAP","A","2009",380.621,
"LTU","WASTEMUN","TOT","KG_CAP","A","2010",400.99,
"LTU","WASTEMUN","TOT","KG_CAP","A","2011",434.352,
"LTU","WASTEMUN","TOT","KG_CAP","A","2012",436.754,
"LTU","WASTEMUN","TOT","KG_CAP","A","2013",425.416,
"LTU","WASTEMUN","TOT","KG_CAP","A","2014",427.478,
"LTU","WASTEMUN","TOT","KG_CAP","A","2015",443.403,
"LTU","WASTEMUN","TOT","KG_CAP","A","2016",440.228,
"LTU","WASTEMUN","TOT","KG_CAP","A","2017",452.105,
"LTU","WASTEMUN","TOT","KG_CAP","A","2018",464.279,
"LTU","WASTEMUN","TOT","KG_CAP","A","2019",477.829,
"LTU","WASTEMUN","TOT","KG_CAP","A","2020",495.888,
"CRI","WASTEMUN","TOT","KG_CAP","A","2010",329.01,
"CRI","WASTEMUN","TOT","KG_CAP","A","2011",358.076,
"CRI","WASTEMUN","TOT","KG_CAP","A","2012",362.201,
"CRI","WASTEMUN","TOT","KG_CAP","A","2013",369.456,
"CRI","WASTEMUN","TOT","KG_CAP","A","2014",372.858,
"CRI","WASTEMUN","TOT","KG_CAP","A","2015",387.185,
"CRI","WASTEMUN","TOT","KG_CAP","A","2016",248.605,
"CRI","WASTEMUN","TOT","KG_CAP","A","2017",255.962,
"CRI","WASTEMUN","TOT","KG_CAP","A","2018",292.433,
"CRI","WASTEMUN","TOT","KG_CAP","A","2019",266.267,
"CRI","WASTEMUN","TOT","KG_CAP","A","2020",286.466,
"CAN","WASTEMUN","TOT","KG_CAP","A","2000",367.538,
"CAN","WASTEMUN","TOT","KG_CAP","A","2002",360.393,
"CAN","WASTEMUN","TOT","KG_CAP","A","2004",387.402,
"CAN","WASTEMUN","TOT","KG_CAP","A","2006",414.023,
"CAN","WASTEMUN","TOT","KG_CAP","A","2008",409.788,
"CAN","WASTEMUN","TOT","KG_CAP","A","2010",408.926,
"CAN","WASTEMUN","TOT","KG_CAP","A","2012",411.064,
"CAN","WASTEMUN","TOT","KG_CAP","A","2014",410.865,
"CAN","WASTEMUN","TOT","KG_CAP","A","2016",412.543,
"CAN","WASTEMUN","TOT","KG_CAP","A","2018",423.617,
